movieId,title,genres,year
1,Toy Story,Adventure|Animation|Children|Comedy|Fantasy,1995
2,GoldenEye,Action|Adventure|Thriller,1995
3,Four Rooms,Comedy,1995
4,Get Shorty,Comedy|Crime|Thriller,1995
5,Copycat,Crime|Drama|Horror|Mystery|Thriller,1995
6,Shanghai Triad (Yao a yao yao dao waipo qiao),Crime|Drama,1995
7,Twelve Monkeys,,1995
8,Babe,Children|Drama,1995
9,Dead Man Walking,Crime|Drama,1995
10,Richard III,Drama|War,1995
11,Seven (Se7en),,1995
12,The Usual Suspects,Crime|Mystery|Thriller,1995
13,Mighty Aphrodite,Comedy|Drama|Romance,1995
14,"Postino, Il",,1994
15,Mr. Holland's Opus,Drama,1995
16,French Twist (Gazon maudit),Comedy|Romance,1995
17,From Dusk Till Dawn,Action|Comedy|Horror|Thriller,1996
18,The White Balloon,,1995
19,Antonia's Line,,1995
20,Angels and Insects,Drama|Romance,1995
21,Muppet Treasure Island,Adventure|Children|Comedy|Musical,1996
22,Braveheart,Action|Drama|War,1995
23,Taxi Driver,Crime|Drama|Thriller,1976
24,Rumble in the Bronx,,1995
25,The Birdcage,Comedy,1996
26,The Brothers McMullen,Comedy,1995
27,Bad Boys,Action|Comedy|Crime|Drama|Thriller,1995
28,Apollo 13,Adventure|Drama|IMAX,1995
29,Batman Forever,Action|Adventure|Comedy|Crime,1995
30,Belle de jour,,1967
31,Crimson Tide,Drama|Thriller|War,1995
32,Crumb,Documentary,1994
33,Desperado,Action|Romance|Western,1995
34,The Doom Generation,Comedy|Crime|Drama,1995
35,Free Willy 2: The Adventure Home,Adventure|Children|Drama,1995
36,Mad Love,Drama|Romance,1995
37,Nadja,Drama,1994
38,The Net,Action|Crime|Thriller,1995
39,Strange Days,Action|Crime|Drama|Mystery|Sci-Fi|Thriller,1995
40,"To Wong Foo, Thanks for Everything! Julie Newmar",Comedy,1995
41,Billy Madison,Comedy,1995
42,Clerks,Comedy,1994
43,Disclosure,Drama|Thriller,1994
44,Dolores Claiborne,,1994
45,Eat Drink Man Woman,,1994
46,Exotica,Drama,1994
47,Ed Wood,Comedy|Drama,1994
48,Hoop Dreams,Documentary,1994
49,I.Q.,Comedy|Romance,1994
50,Star Wars,,1977
51,Legends of the Fall,Drama|Romance|War|Western,1994
52,The Madness of King George,Comedy|Drama,1994
53,Natural Born Killers,Action|Crime|Thriller,1994
54,Outbreak,Action|Drama|Sci-Fi|Thriller,1995
55,The Professional,,1994
56,Pulp Fiction,Comedy|Crime|Drama|Thriller,1994
57,Priest,Drama,1994
58,Quiz Show,Drama,1994
59,Three Colors: Red,,1994
60,Three Colors: Blue,,1993
61,Three Colors: White,,1994
62,Stargate,Action|Adventure|Sci-Fi,1994
63,The Santa Clause,Comedy|Drama|Fantasy,1994
64,The Shawshank Redemption,Crime|Drama,1994
65,What's Eating Gilbert Grape,Drama,1993
66,While You Were Sleeping,Comedy|Romance,1995
67,Ace Ventura: Pet Detective,Comedy,1994
68,The Crow,Action|Crime|Fantasy|Thriller,1994
69,Forrest Gump,Comedy|Drama|Romance|War,1994
70,Four Weddings and a Funeral,Comedy|Romance,1994
71,The Lion King,Adventure|Animation|Children|Drama|Musical|IMAX,1994
72,The Mask,Action|Comedy|Crime|Fantasy,1994
73,Maverick,Adventure|Comedy|Western,1994
74,Faster Pussycat! Kill! Kill!,Action|Crime|Drama,1965
75,Brother Minister: The Assassination of Malcolm X,,1994
76,Carlito's Way,Crime|Drama,1993
77,The Firm,Drama|Thriller,1993
78,Free Willy,Adventure|Children|Drama,1993
79,The Fugitive,Thriller,1993
80,Hot Shots! Part Deux,Action|Comedy|War,1993
81,The Hudsucker Proxy,Comedy,1994
82,Jurassic Park,Action|Adventure|Sci-Fi|Thriller,1993
83,Much Ado About Nothing,Comedy|Romance,1993
84,Robert A. Heinlein's The Puppet Masters,,1994
85,The Ref,Comedy,1994
86,The Remains of the Day,Drama|Romance,1993
87,Searching for Bobby Fischer,Drama,1993
88,Sleepless in Seattle,Comedy|Drama|Romance,1993
89,Blade Runner,Action|Sci-Fi|Thriller,1982
90,So I Married an Axe Murderer,Comedy|Romance|Thriller,1993
91,The Nightmare Before Christmas,Animation|Children|Fantasy|Musical,1993
92,True Romance,Crime|Thriller,1993
93,Welcome to the Dollhouse,Comedy|Drama,1995
94,Home Alone,Children|Comedy,1990
95,Aladdin,Adventure|Animation|Children|Comedy|Musical,1992
96,Terminator 2: Judgment Day,Action|Sci-Fi,1991
97,Dances with Wolves,Adventure|Drama|Western,1990
98,The Silence of the Lambs,Crime|Horror|Thriller,1991
99,Snow White and the Seven Dwarfs,Animation|Children|Drama|Fantasy|Musical,1937
100,Fargo,Comedy|Crime|Drama|Thriller,1996
101,Heavy Metal,Action|Adventure|Animation|Horror|Sci-Fi,1981
102,The Aristocats,Animation|Children,1970
103,All Dogs Go to Heaven 2,Adventure|Animation|Children|Fantasy|Musical|Romance,1996
104,Theodore Rex,,1995
105,Sgt. Bilko,Comedy,1996
106,Diabolique,Drama|Thriller,1996
107,Moll Flanders,Drama,1996
108,Kids in the Hall: Brain Candy,Comedy,1996
109,Mystery Science Theater 3000: The Movie,Comedy|Sci-Fi,1996
110,Operation Dumbo Drop,Action|Adventure|Comedy|War,1995
111,The Truth About Cats & Dogs,Comedy|Romance,1996
112,Flipper,Adventure|Children,1996
113,"Horseman on the Roof, The (Hussard sur le toit, Le)",Drama|Romance,1995
114,Wallace & Gromit: The Best of Aardman Animation,Adventure|Animation|Comedy,1996
115,The Haunted World of Edward D. Wood Jr.,,1995
116,Cold Comfort Farm,Comedy,1995
117,The Rock,Action|Adventure|Thriller,1996
118,Twister,Action|Adventure|Romance|Thriller,1996
119,Maya Lin: A Strong Clear Vision,Documentary,1994
120,Striptease,Comedy|Crime,1996
121,Independence Day (ID4),,1996
122,The Cable Guy,Comedy|Thriller,1996
123,The Frighteners,Comedy|Horror|Thriller,1996
124,Lone Star,Drama|Mystery|Western,1996
125,Phenomenon,Drama|Romance,1996
126,The Spitfire Grill,Drama,1996
127,The Godfather,Crime|Drama,1972
128,Supercop,,1992
129,Bound,Crime|Drama|Romance|Thriller,1996
130,Kansas City,Crime|Drama|Musical|Thriller,1996
131,Breakfast at Tiffany's,Drama|Romance,1961
132,The Wizard of Oz,Adventure|Children|Fantasy|Musical,1939
133,Gone with the Wind,Drama|Romance|War,1939
134,Citizen Kane,Drama|Mystery,1941
135,2001: A Space Odyssey,Adventure|Drama|Sci-Fi,1968
136,Mr. Smith Goes to Washington,Drama,1939
137,Big Night,Comedy|Drama,1996
138,D3: The Mighty Ducks,Children|Comedy,1996
139,The Love Bug,Children|Comedy,1969
140,Homeward Bound: The Incredible Journey,Adventure|Children|Drama,1993
141,"20,000 Leagues Under the Sea",Adventure|Drama|Sci-Fi,1954
142,Bedknobs and Broomsticks,Adventure|Children|Musical,1971
143,The Sound of Music,Musical|Romance,1965
144,Die Hard,Action|Crime|Thriller,1988
145,The Lawnmower Man,Action|Horror|Sci-Fi|Thriller,1992
146,Unhook the Stars,,1996
147,The Long Kiss Goodnight,Action|Drama|Thriller,1996
148,The Ghost and the Darkness,Action|Adventure,1996
149,Jude,Drama,1996
150,Swingers,Comedy|Drama,1996
151,Willy Wonka and the Chocolate Factory,,1971
152,Sleeper,Comedy|Sci-Fi,1973
153,"Fish Called Wanda, A",Comedy|Crime,1988
154,Monty Python's Life of Brian,Comedy,1979
155,Dirty Dancing,Drama|Musical|Romance,1987
156,Reservoir Dogs,Crime|Mystery|Thriller,1992
157,Platoon,Drama|War,1986
158,Weekend at Bernie's,Comedy,1989
159,Basic Instinct,Crime|Mystery|Thriller,1992
160,Glengarry Glen Ross,Drama,1992
161,Top Gun,Action|Romance,1986
162,On Golden Pond,Drama,1981
163,The Return of the Pink Panther,,1974
164,The Abyss,Action|Adventure|Sci-Fi|Thriller,1989
165,Jean de Florette,Drama|Mystery,1986
166,Manon of the Spring (Manon des sources),Drama,1986
167,Private Benjamin,Comedy,1980
168,Monty Python and the Holy Grail,,1974
169,The Wrong Trousers,,1993
170,Cinema Paradiso,,1988
171,Delicatessen,Comedy|Drama|Romance,1991
172,The Empire Strikes Back,,1980
173,The Princess Bride,Action|Adventure|Comedy|Fantasy|Romance,1987
174,Raiders of the Lost Ark,,1981
175,Brazil,Fantasy|Sci-Fi,1985
176,Aliens,Action|Adventure|Horror|Sci-Fi,1986
177,"The Good, The Bad and The Ugly",,1966
178,12 Angry Men,Drama,1957
179,"Clockwork Orange, A",Crime|Drama|Sci-Fi|Thriller,1971
180,Apocalypse Now,Action|Drama|War,1979
181,Return of the Jedi,,1983
182,GoodFellas,,1990
183,Alien,Horror|Sci-Fi,1979
184,Army of Darkness,Action|Adventure|Comedy|Fantasy|Horror,1993
185,Psycho,Crime|Horror,1960
186,The Blues Brothers,Action|Comedy|Musical,1980
187,The Godfather: Part II,Crime|Drama,1974
188,Full Metal Jacket,Drama|War,1987
189,"Grand Day Out, A",,1992
190,Henry V,Action|Drama|Romance|War,1989
191,Amadeus,Drama,1984
192,Raging Bull,Drama,1980
193,The Right Stuff,Drama,1983
194,The Sting,Comedy|Crime,1973
195,The Terminator,Action|Sci-Fi|Thriller,1984
196,Dead Poets Society,Drama,1989
197,The Graduate,Comedy|Drama|Romance,1967
198,Nikita (La Femme Nikita),,1990
199,The Bridge on the River Kwai,Adventure|Drama|War,1957
200,The Shining,Horror,1980
201,Evil Dead II,,1987
202,Groundhog Day,Comedy|Fantasy|Romance,1993
203,Unforgiven,Drama|Western,1992
204,Back to the Future,Adventure|Comedy|Sci-Fi,1985
205,Patton,Drama|War,1970
206,Akira,Action|Adventure|Animation|Sci-Fi,1988
207,Cyrano de Bergerac,Comedy|Drama|Romance,1990
208,Young Frankenstein,Comedy|Fantasy,1974
209,This Is Spinal Tap,Comedy,1984
210,Indiana Jones and the Last Crusade,Action|Adventure,1989
211,M*A*S*H,,1970
212,The Unbearable Lightness of Being,Drama,1988
213,"Room with a View, A",Drama|Romance,1986
214,Pink Floyd - The Wall,,1982
215,Field of Dreams,Children|Drama|Fantasy,1989
216,When Harry Met Sally...,Comedy|Romance,1989
217,Bram Stoker's Dracula,,1992
218,Cape Fear,Thriller,1991
219,"Nightmare on Elm Street, A",Horror|Thriller,1984
220,The Mirror Has Two Faces,Comedy|Drama|Romance,1996
221,Breaking the Waves,Drama|Mystery,1996
222,Star Trek: First Contact,Action|Adventure|Sci-Fi|Thriller,1996
223,Sling Blade,Drama,1996
224,Ridicule,Drama,1996
225,101 Dalmatians,Adventure|Children|Comedy,1996
226,Die Hard 2,Action|Adventure|Thriller,1990
227,Star Trek VI: The Undiscovered Country,Action|Mystery|Sci-Fi,1991
228,Star Trek: The Wrath of Khan,,1982
229,Star Trek III: The Search for Spock,Action|Adventure|Sci-Fi,1984
230,Star Trek IV: The Voyage Home,Adventure|Comedy|Sci-Fi,1986
231,Batman Returns,Action|Crime,1992
232,Young Guns,Action|Comedy|Western,1988
233,Under Siege,Action|Drama|Thriller,1992
234,Jaws,Action|Horror,1975
235,Mars Attacks!,Action|Comedy|Sci-Fi,1996
236,Citizen Ruth,Comedy|Drama,1996
237,Jerry Maguire,Drama|Romance,1996
238,Raising Arizona,Comedy,1987
239,Sneakers,Action|Comedy|Crime|Drama|Sci-Fi,1992
240,Beavis and Butt-head Do America,,1996
241,The Last of the Mohicans,Action|Romance|War|Western,1992
242,Kolya,,1996
243,Jungle2Jungle,,1997
244,Smilla's Sense of Snow,Drama|Thriller,1997
245,The Devil's Own,Action|Drama|Thriller,1997
246,Chasing Amy,Comedy|Drama|Romance,1997
247,Turbo: A Power Rangers Movie,Action|Adventure|Children,1997
248,Grosse Pointe Blank,Comedy|Crime|Romance,1997
249,Austin Powers: International Man of Mystery,Action|Adventure|Comedy,1997
250,The Fifth Element,Action|Adventure|Comedy|Sci-Fi,1997
251,Shall We Dance?,,1996
252,The Lost World: Jurassic Park,Action|Adventure|Sci-Fi|Thriller,1997
253,The Pillow Book,,1995
254,Batman & Robin,Action|Adventure|Fantasy|Thriller,1997
255,My Best Friend's Wedding,Comedy|Romance,1997
256,When the Cats Away (Chacun cherche son chat),,1996
257,Men in Black,,1997
258,Contact,Drama|Sci-Fi,1997
259,George of the Jungle,Children|Comedy,1997
260,Event Horizon,Horror|Sci-Fi|Thriller,1997
261,Air Bud,Children|Comedy,1997
262,In the Company of Men,Comedy|Drama,1997
263,Steel,Action,1997
264,Mimic,Horror|Sci-Fi|Thriller,1997
265,The Hunt for Red October,Action|Adventure|Thriller,1990
266,Kull the Conqueror,Action|Adventure,1997
267,,,
268,Chasing Amy,Comedy|Drama|Romance,1997
269,The Full Monty,Comedy|Drama,1997
270,Gattaca,Drama|Sci-Fi|Thriller,1997
271,Starship Troopers,Action|Sci-Fi,1997
272,Good Will Hunting,Drama|Romance,1997
273,Heat,Action|Crime|Thriller,1995
274,Sabrina,Comedy|Romance,1995
275,Sense and Sensibility,Drama|Romance,1995
276,Leaving Las Vegas,Drama|Romance,1995
277,Restoration,Drama,1995
278,Bed of Roses,Drama|Romance,1996
279,Once Upon a Time... When We Were Colored,Drama|Romance,1995
280,Up Close and Personal,Drama|Romance,1996
281,The River Wild,Action|Thriller,1994
282,"Time to Kill, A",Drama|Thriller,1996
283,Emma,Comedy|Drama|Romance,1996
284,Tin Cup,Comedy|Drama|Romance,1996
285,Secrets & Lies,Drama,1996
286,The English Patient,Drama|Romance|War,1996
287,Marvin's Room,Drama,1996
288,Scream,Comedy|Horror|Mystery|Thriller,1996
289,Evita,Drama|Musical,1996
290,Fierce Creatures,Comedy,1997
291,Absolute Power,Mystery|Thriller,1997
292,Rosewood,Action|Drama,1997
293,Donnie Brasco,Crime|Drama,1997
294,Liar Liar,Comedy,1997
295,Breakdown,Action|Thriller,1997
296,"Promesse, La",,1996
297,Ulee's Gold,Drama,1997
298,Face/Off,Action|Crime|Drama|Thriller,1997
299,Hoodlum,Crime|Drama|Film-Noir,1997
300,Air Force One,Action|Thriller,1997
301,In & Out,Comedy,1997
302,L.A. Confidential,Crime|Film-Noir|Mystery|Thriller,1997
303,Ulee's Gold,Drama,1997
304,Fly Away Home,Adventure|Children,1996
305,The Ice Storm,Drama,1997
306,"Mrs. Brown (Her Majesty, Mrs. Brown)",,1997
307,The Devil's Advocate,,1997
308,FairyTale: A True Story,Children|Drama|Fantasy,1997
309,Deceiver,Crime|Drama|Thriller,1997
310,The Rainmaker,Drama,1997
311,The Wings of the Dove,Drama|Romance,1997
312,Midnight in the Garden of Good and Evil,Crime|Drama|Mystery,1997
313,Titanic,Drama|Romance,1997
314,3 Ninjas: High Noon At Mega Mountain,,1998
315,Apt Pupil,Drama|Thriller,1998
316,As Good As It Gets,,1997
317,In the Name of the Father,Drama,1993
318,Schindler's List,Drama|War,1993
319,Everyone Says I Love You,Comedy|Musical|Romance,1996
320,Paradise Lost: The Child Murders at Robin Hood Hills,Documentary,1996
321,Mother,Comedy,1996
322,Murder at 1600,Crime|Drama|Mystery|Thriller,1997
323,Dante's Peak,Action|Thriller,1997
324,Lost Highway,Crime|Drama|Fantasy|Film-Noir|Mystery|Romance,1997
325,Crash,Drama|Thriller,1996
326,G.I. Jane,Action|Drama,1997
327,Cop Land,Action|Crime|Drama|Thriller,1997
328,Conspiracy Theory,Drama|Mystery|Romance|Thriller,1997
329,Desperate Measures,Crime|Drama|Thriller,1998
330,187,,1997
331,The Edge,Adventure|Drama,1997
332,Kiss the Girls,Crime|Drama|Mystery|Thriller,1997
333,The Game,Drama|Mystery|Thriller,1997
334,U Turn,Crime|Drama|Mystery,1997
335,How to Be a Player,Comedy,1997
336,Playing God,Crime|Drama|Thriller,1997
337,The House of Yes,Comedy|Drama,1997
338,Bean,Comedy,1997
339,Mad City,Action|Drama,1997
340,Boogie Nights,Drama,1997
341,Critical Care,,1997
342,The Man Who Knew Too Little,Comedy|Crime|Thriller,1997
343,Alien: Resurrection,Action|Horror|Sci-Fi,1997
344,The Apostle,Drama,1997
345,Deconstructing Harry,Comedy|Drama,1997
346,Jackie Brown,Crime|Drama|Thriller,1997
347,Wag the Dog,Comedy,1997
348,Desperate Measures,Crime|Drama|Thriller,1998
349,Hard Rain,Action|Crime|Thriller,1998
350,Fallen,Crime|Drama|Fantasy|Thriller,1998
351,The Prophecy II,Horror,1998
352,Spice World,Comedy,1997
353,Deep Rising,Action|Horror|Sci-Fi,1998
354,The Wedding Singer,Comedy|Romance,1998
355,Sphere,Sci-Fi|Thriller,1998
356,The Client,Drama|Mystery|Thriller,1994
357,One Flew Over the Cuckoo's Nest,Drama,1975
358,Spawn,Action|Adventure|Sci-Fi|Thriller,1997
359,The Assignment,Action|Thriller,1997
360,Wonderland,Comedy|Documentary,1997
361,Incognito,,1997
362,Blues Brothers 2000,Action|Comedy|Musical,1998
363,Sudden Death,Action,1995
364,Ace Ventura: When Nature Calls,Comedy,1995
365,Powder,Drama|Sci-Fi,1995
366,Dangerous Minds,Drama,1995
367,Clueless,Comedy|Romance,1995
368,Bio-Dome,Comedy,1996
369,Black Sheep,Comedy,1996
370,Mary Reilly,Drama|Horror|Thriller,1996
371,The Bridges of Madison County,Drama|Romance,1995
372,Jeffrey,Comedy|Drama,1995
373,Judge Dredd,Action|Crime|Sci-Fi,1995
374,Mighty Morphin Power Rangers: The Movie,Action|Children,1995
375,Showgirls,Drama,1995
376,Houseguest,Comedy,1994
377,Heavyweights,,1994
378,Miracle on 34th Street,Drama,1994
379,Tales From the Crypt Presents: Demon Knight,,1995
380,Star Trek: Generations,Adventure|Drama|Sci-Fi,1994
381,Muriel's Wedding,Comedy,1994
382,"The Adventures of Priscilla, Queen of the Desert",Comedy|Drama,1994
383,The Flintstones,Children|Comedy|Fantasy,1994
384,Naked Gun 33 1/3: The Final Insult,Action|Comedy,1994
385,True Lies,Action|Adventure|Comedy|Romance|Thriller,1994
386,Addams Family Values,Children|Comedy|Fantasy,1993
387,The Age of Innocence,Drama,1993
388,Beverly Hills Cop III,Action|Comedy|Crime|Thriller,1994
389,Black Beauty,Adventure|Children|Drama,1994
390,Fear of a Black Hat,,1993
391,Last Action Hero,Action|Adventure|Comedy|Fantasy,1993
392,The Man Without a Face,Drama,1993
393,Mrs. Doubtfire,Comedy|Drama,1993
394,Radioland Murders,Comedy|Mystery|Romance,1994
395,Robin Hood: Men in Tights,Comedy,1993
396,Serial Mom,Comedy|Crime|Horror,1994
397,Striking Distance,Action|Crime,1993
398,Super Mario Bros.,Action|Adventure|Children|Comedy|Fantasy|Sci-Fi,1993
399,The Three Musketeers,Action|Adventure|Comedy|Romance,1993
400,The Little Rascals,Children|Comedy,1994
401,The Brady Bunch Movie,Comedy,1995
402,Ghost,Comedy|Drama|Fantasy|Romance|Thriller,1990
403,Batman,Action|Crime|Thriller,1989
404,Pinocchio,Animation|Children|Fantasy|Musical,1940
405,Mission: Impossible,Action|Adventure|Mystery|Thriller,1996
406,Thinner,Horror|Thriller,1996
407,Spy Hard,Comedy,1996
408,"Close Shave, A",,1995
409,Jack,Comedy|Drama,1996
410,Kingpin,Comedy,1996
411,The Nutty Professor,Comedy|Fantasy|Romance|Sci-Fi,1996
412,"Very Brady Sequel, A",Comedy,1996
413,Tales from the Crypt Presents: Bordello of Blood,Comedy|Horror,1996
414,My Favorite Year,Comedy,1982
415,The Apple Dumpling Gang,Children|Comedy|Western,1975
416,Old Yeller,Children|Drama,1957
417,The Parent Trap,Children|Comedy|Romance,1961
418,Cinderella,Animation|Children|Fantasy|Musical|Romance,1950
419,Mary Poppins,Children|Comedy|Fantasy|Musical,1964
420,Alice in Wonderland,Adventure|Animation|Children|Fantasy|Musical,1951
421,William Shakespeare's Romeo and Juliet,,1996
422,Aladdin and the King of Thieves,Animation|Children|Comedy|Fantasy|Musical|Romance,1996
423,E.T. the Extra-Terrestrial,Children|Drama|Sci-Fi,1982
424,Children of the Corn: The Gathering,,1996
425,Bob Roberts,Comedy,1992
426,The Transformers: The Movie,,1986
427,To Kill a Mockingbird,Drama,1962
428,Harold and Maude,Comedy|Drama|Romance,1971
429,The Day the Earth Stood Still,Drama|Sci-Fi|Thriller,1951
430,Duck Soup,Comedy|Musical|War,1933
431,Highlander,Action|Adventure|Fantasy,1986
432,Fantasia,Animation|Children|Fantasy|Musical,1940
433,Heathers,Comedy,1989
434,Forbidden Planet,Drama|Sci-Fi,1956
435,Butch Cassidy and the Sundance Kid,Action|Western,1969
436,"American Werewolf in London, An",Comedy|Horror|Thriller,1981
437,Amityville 1992: It's About Time,Horror,1992
438,Amityville 3-D,Horror,1983
439,Amityville: A New Generation,Horror,1993
440,Amityville II: The Possession,Horror,1982
441,The Amityville Horror,Drama|Horror|Mystery|Thriller,1979
442,The Amityville Curse,Horror,1990
443,The Birds,Horror|Thriller,1963
444,The Blob,Horror|Sci-Fi,1958
445,The Body Snatcher,Drama|Horror|Thriller,1945
446,Burnt Offerings,Horror,1976
447,Carrie,Drama|Fantasy|Horror|Thriller,1976
448,The Omen,Horror|Mystery|Thriller,1976
449,Star Trek: The Motion Picture,Adventure|Sci-Fi,1979
450,Star Trek V: The Final Frontier,Action|Sci-Fi,1989
451,Grease,Comedy|Musical|Romance,1978
452,Jaws 2,Horror|Thriller,1978
453,Jaws 3-D,Action|Horror,1983
454,Bastard Out of Carolina,Drama,1996
455,Jackie Chan's First Strike,,1996
456,Beverly Hills Ninja,Action|Comedy,1997
457,Free Willy 3: The Rescue,Adventure|Children|Drama,1997
458,Nixon,Drama,1995
459,"Cry, the Beloved Country",Drama,1995
460,The Crossing Guard,Action|Crime|Drama|Thriller,1995
461,Smoke,Comedy|Drama,1995
462,Like Water For Chocolate (Como agua para chocolate),,1992
463,The Secret of Roan Inish,Children|Drama|Fantasy|Mystery,1994
464,Vanya on 42nd Street,Drama,1994
465,The Jungle Book,Adventure|Children|Romance,1994
466,Red Rock West,Thriller,1992
467,"Bronx Tale, A",Drama,1993
468,Rudy,Drama,1993
469,Short Cuts,Drama,1993
470,Tombstone,Action|Drama|Western,1993
471,Courage Under Fire,Action|Crime|Drama|War,1996
472,Dragonheart,Action|Adventure|Fantasy,1996
473,James and the Giant Peach,Adventure|Animation|Children|Fantasy|Musical,1996
474,Dr. Strangelove or: How I Learned to Stop Worrying and Love the Bomb,,1963
475,Trainspotting,Comedy|Crime|Drama,1996
476,The First Wives Club,Comedy,1996
477,Matilda,Children|Comedy|Fantasy,1996
478,The Philadelphia Story,Comedy|Drama|Romance,1940
479,Vertigo,Drama|Mystery|Romance|Thriller,1958
480,North by Northwest,Action|Adventure|Mystery|Romance|Thriller,1959
481,The Apartment,Comedy|Drama|Romance,1960
482,Some Like It Hot,Comedy|Crime,1959
483,Casablanca,Drama|Romance,1942
484,The Maltese Falcon,Film-Noir|Mystery,1941
485,My Fair Lady,Comedy|Drama|Musical|Romance,1964
486,Sabrina,Comedy|Romance,1954
487,Roman Holiday,Comedy|Drama|Romance,1953
488,Sunset Blvd.,,1950
489,Notorious,Film-Noir|Romance|Thriller,1946
490,To Catch a Thief,Crime|Mystery|Romance|Thriller,1955
491,The Adventures of Robin Hood,Action|Adventure|Romance,1938
492,East of Eden,Drama,1955
493,The Thin Man,Comedy|Crime,1934
494,His Girl Friday,Comedy|Romance,1940
495,Around the World in 80 Days,Adventure|Comedy,1956
496,It's a Wonderful Life,Children|Drama|Fantasy|Romance,1946
497,Bringing Up Baby,Comedy|Romance,1938
498,The African Queen,Adventure|Comedy|Romance|War,1951
499,Cat on a Hot Tin Roof,Drama,1958
500,Fly Away Home,Adventure|Children,1996
501,Dumbo,Animation|Children|Drama|Musical,1941
502,Bananas,Comedy|War,1971
503,The Candidate,Drama,1972
504,Bonnie and Clyde,Crime|Drama,1967
505,Dial M for Murder,Crime|Mystery|Thriller,1954
506,Rebel Without a Cause,Drama,1955
507,"Streetcar Named Desire, A",Drama,1951
508,The People vs. Larry Flynt,Comedy|Drama,1996
509,My Left Foot,Drama,1989
510,The Magnificent Seven,,1954
511,Lawrence of Arabia,Adventure|Drama|War,1962
512,Wings of Desire,,1987
513,The Third Man,Film-Noir|Mystery|Thriller,1949
514,Annie Hall,Comedy|Romance,1977
515,"Boot, Das",,1981
516,Local Hero,Comedy,1983
517,Manhattan,Comedy|Drama|Romance,1979
518,Miller's Crossing,Crime|Drama|Film-Noir|Thriller,1990
519,The Treasure of the Sierra Madre,Action|Adventure|Drama|Western,1948
520,The Great Escape,Action|Adventure|Drama|War,1963
521,The Deer Hunter,Drama|War,1978
522,Down by Law,Comedy|Drama|Film-Noir,1986
523,Cool Hand Luke,Drama,1967
524,The Great Dictator,Comedy|Drama|War,1940
525,The Big Sleep,Crime|Film-Noir|Mystery,1946
526,Ben-Hur,Action|Adventure|Drama,1959
527,Gandhi,Drama,1982
528,The Killing Fields,Drama|War,1984
529,My Life as a Dog (Mitt liv som hund),Comedy|Drama,1985
530,The Man Who Would Be King,Adventure|Drama,1975
531,Shine,Drama|Romance,1996
532,Kama Sutra: A Tale of Love,Romance,1996
533,The Daytrippers,Comedy|Drama|Mystery|Romance,1996
534,Traveller,Drama,1997
535,Addicted to Love,Comedy|Romance,1997
536,Ponette,Drama,1996
537,My Own Private Idaho,Drama|Romance,1991
538,Anastasia,Adventure|Animation|Children|Drama|Musical,1997
539,Mouse Hunt,Children|Comedy,1997
540,Money Train,Action|Comedy|Crime|Drama|Thriller,1995
541,Mortal Kombat,Action|Adventure|Fantasy,1995
542,Pocahontas,Animation|Children|Drama|Musical|Romance,1995
543,"Misérables, Les",Drama|War,1995
544,Things to Do in Denver when You're Dead,,1995
545,Vampire in Brooklyn,Comedy|Horror|Romance,1995
546,Broken Arrow,Action|Adventure|Thriller,1996
547,The Young Poisoner's Handbook,Crime|Drama,1995
548,The NeverEnding Story III,Adventure|Children|Fantasy,1994
549,Rob Roy,Action|Drama|Romance|War,1995
550,Die Hard: With a Vengeance,Action|Crime|Thriller,1995
551,Lord of Illusions,Horror,1995
552,Species,Horror|Sci-Fi,1995
553,"Walk in the Clouds, A",Drama|Romance,1995
554,Waterworld,Action|Adventure|Sci-Fi,1995
555,White Man's Burden,Drama,1995
556,Wild Bill,,1995
557,Farinelli: il castrato,Drama|Musical,1994
558,Heavenly Creatures,Crime|Drama,1994
559,Interview with the Vampire,,1994
560,"Kid in King Arthur's Court, A",Adventure|Children|Comedy|Fantasy|Romance,1995
561,Mary Shelley's Frankenstein,,1994
562,The Quick and the Dead,Action|Thriller|Western,1995
563,Stephen King's The Langoliers,,1995
564,Tales from the Hood,Action|Crime|Horror,1995
565,Village of the Damned,Horror|Sci-Fi,1995
566,Clear and Present Danger,Action|Crime|Drama|Thriller,1994
567,Wes Craven's New Nightmare,,1994
568,Speed,Action|Romance|Thriller,1994
569,Wolf,Drama|Horror|Romance|Thriller,1994
570,Wyatt Earp,Western,1994
571,Another Stakeout,Comedy|Thriller,1993
572,Blown Away,Action|Thriller,1994
573,Body Snatchers,Horror|Sci-Fi|Thriller,1993
574,Boxing Helena,Drama|Mystery|Romance|Thriller,1993
575,City Slickers II: The Legend of Curly's Gold,Adventure|Comedy|Western,1994
576,Cliffhanger,Action|Adventure|Thriller,1993
577,Coneheads,Comedy|Sci-Fi,1993
578,Demolition Man,Action|Adventure|Sci-Fi,1993
579,Fatal Instinct,Comedy,1993
580,"The Englishman Who Went Up a Hill, But Came Down a Mountain",,1995
581,Kalifornia,Drama|Thriller,1993
582,The Piano,Drama|Romance,1993
583,Romeo Is Bleeding,Crime|Thriller,1993
584,The Secret Garden,Children|Drama,1993
585,Son in Law,Comedy|Drama|Romance,1993
586,Terminal Velocity,Action|Mystery|Thriller,1994
587,The Hour of the Pig,Crime|Drama|Mystery,1993
588,Beauty and the Beast,Animation|Children|Fantasy|Musical|Romance|IMAX,1991
589,The Wild Bunch,Adventure|Western,1969
590,Hellraiser: Bloodline,Action|Horror|Sci-Fi,1996
591,Primal Fear,Crime|Drama|Mystery|Thriller,1996
592,True Crime,,1995
593,Stalingrad,Drama|War,1993
594,Heavy,Drama|Romance,1995
595,The Fan,Drama|Thriller,1996
596,The Hunchback of Notre Dame,Animation|Children|Drama|Musical|Romance,1996
597,Eraser,Action|Drama|Thriller,1996
598,The Big Squeeze,,1996
599,Police Story 4: Project S (Chao ji ji hua),,1993
600,Daniel Defoe's Robinson Crusoe,,1996
601,For Whom the Bell Tolls,Adventure|Drama|Romance|War,1943
602,"American in Paris, An",Musical|Romance,1951
603,Rear Window,Mystery|Thriller,1954
604,It Happened One Night,Comedy|Romance,1934
605,Meet Me in St. Louis,Musical,1944
606,All About Eve,Drama,1950
607,Rebecca,Drama|Mystery|Romance|Thriller,1940
608,Spellbound,Mystery|Romance|Thriller,1945
609,Father of the Bride,Comedy,1950
610,Gigi,Musical,1958
611,Laura,Crime|Film-Noir|Mystery,1944
612,Lost Horizon,Drama,1937
613,My Man Godfrey,Comedy|Romance,1936
614,Giant,Drama|Romance|Western,1956
615,The 39 Steps,Drama|Mystery|Thriller,1935
616,Night of the Living Dead,Horror|Sci-Fi|Thriller,1968
617,"Blue Angel, The (Blaue Engel, Der)",Drama,1930
618,Picnic,Drama,1955
619,Extreme Measures,Drama|Thriller,1996
620,The Chamber,Drama,1996
621,"Davy Crockett, King of the Wild Frontier",Adventure|Western,1955
622,Swiss Family Robinson,Adventure|Children,1960
623,Angels in the Outfield,Children|Comedy,1994
624,The Three Caballeros,Animation|Children|Musical,1945
625,The Sword in the Stone,Animation|Children|Fantasy|Musical,1963
626,So Dear to My Heart,Children|Drama,1949
627,Robin Hood: Prince of Thieves,Adventure|Drama,1991
628,Sleepers,Thriller,1996
629,Victor/Victoria,Comedy|Musical|Romance,1982
630,The Great Race,Comedy|Musical,1965
631,The Crying Game,Drama|Romance|Thriller,1992
632,Sophie's Choice,Drama,1982
633,"Christmas Carol, A",Children|Drama|Fantasy,1938
634,Microcosmos: Le peuple de l'herbe,,1996
635,The Fog,Horror,1980
636,Escape from New York,Action|Adventure|Sci-Fi|Thriller,1981
637,The Howling,,1981
638,"Return of Martin Guerre, The (Retour de Martin Guerre, Le)",Drama,1982
639,"Tin Drum, The (Blechtrommel, Die)",Drama|War,1979
640,The Cook the Thief His Wife & Her Lover,Comedy|Drama,1989
641,Paths of Glory,Drama|War,1957
642,The Grifters,Crime|Drama|Film-Noir,1990
643,The Innocent,,1994
644,The Thin Blue Line,Documentary,1988
645,Paris Is Burning,Documentary,1990
646,Once Upon a Time in the West,,1969
647,Ran,Drama|War,1985
648,The Quiet Man,Drama|Romance,1952
649,Once Upon a Time in America,Crime|Drama,1984
650,"Seventh Seal, The (Sjunde inseglet, Det)",Drama,1957
651,Glory,Drama|War,1989
652,Rosencrantz and Guildenstern Are Dead,Comedy|Drama,1990
653,Touch of Evil,Crime|Film-Noir|Thriller,1958
654,Chinatown,Crime|Film-Noir|Mystery|Thriller,1974
655,Stand by Me,Adventure|Drama,1986
656,M,Crime|Film-Noir|Thriller,1931
657,The Manchurian Candidate,Crime|Thriller|War,1962
658,Pump Up the Volume,Comedy|Drama,1990
659,Arsenic and Old Lace,Comedy|Mystery|Thriller,1944
660,Fried Green Tomatoes,Comedy|Crime|Drama,1991
661,High Noon,Drama|Western,1952
662,Somewhere in Time,Drama|Romance,1980
663,Being There,Comedy|Drama,1979
664,"Paris, Texas",Drama|Romance,1984
665,Alien 3,,1992
666,Blood For Dracula (Andy Warhol's Dracula),,1974
667,Audrey Rose,Horror,1977
668,Blood Beach,Horror|Mystery,1981
669,Body Parts,Horror|Thriller,1991
670,Body Snatchers,Horror|Sci-Fi|Thriller,1993
671,Bride of Frankenstein,,1935
672,Candyman,Horror|Thriller,1992
673,Cape Fear,Crime|Drama|Thriller,1962
674,Cat People,Drama|Fantasy|Horror,1982
675,"Nosferatu (Nosferatu, eine Symphonie des Grauens)",Horror,1922
676,The Crucible,Drama,1996
677,Fire on the Mountain,,1996
678,Volcano,Action|Drama|Thriller,1997
679,Conan the Barbarian,,1981
680,Kull the Conqueror,Action|Adventure,1997
681,Wishmaster,Horror,1997
682,I Know What You Did Last Summer,Horror|Mystery|Thriller,1997
683,Rocket Man,,1997
684,In the Line of Fire,Action|Thriller,1993
685,Executive Decision,Action|Adventure|Thriller,1996
686,"Perfect World, A",Crime|Drama|Thriller,1993
687,McHale's Navy,Comedy|War,1997
688,Leave It to Beaver,Comedy,1997
689,The Jackal,Action|Thriller,1997
690,Seven Years in Tibet,Adventure|Drama|War,1997
691,Dark City,Adventure|Film-Noir|Sci-Fi|Thriller,1998
692,The American President,Comedy|Drama|Romance,1995
693,Casino,Crime|Drama,1995
694,Persuasion,Drama|Romance,1995
695,Kicking and Screaming,Comedy|Drama,1995
696,City Hall,Drama|Thriller,1996
697,The Basketball Diaries,Drama,1995
698,The Browning Version,Drama,1994
699,Little Women,Drama,1994
700,Miami Rhapsody,Comedy,1995
701,"The Wonderful, Horrible Life of Leni Riefenstahl",,1993
702,Barcelona,Comedy|Romance,1994
703,Widows' Peak,Drama,1994
704,The House of the Spirits,Drama|Romance,1993
705,Singin' in the Rain,Comedy|Musical|Romance,1952
706,Bad Moon,Action|Adventure|Horror,1996
707,Enchanted April,,1991
708,"Sex, Lies, and Videotape",Drama,1989
709,Strictly Ballroom,Comedy|Romance,1992
710,Better Off Dead...,Comedy|Romance,1985
711,The Substance of Fire,Drama,1996
712,Tin Men,Comedy|Drama,1987
713,Othello,Drama,1995
714,Carrington,Drama|Romance,1995
715,To Die For,Comedy|Drama|Thriller,1995
716,Home for the Holidays,Drama,1995
717,The Juror,Drama|Thriller,1996
718,In the Bleak Midwinter,Comedy|Drama,1995
719,Canadian Bacon,,1994
720,First Knight,Action|Drama|Romance,1995
721,Mallrats,Comedy|Romance,1995
722,Nine Months,Comedy|Romance,1995
723,Boys on the Side,Comedy|Drama,1995
724,Circle of Friends,Drama|Romance,1995
725,Exit to Eden,Comedy,1994
726,Fluke,Children|Drama,1995
727,Immortal Beloved,Drama|Romance,1994
728,Junior,Comedy|Sci-Fi,1994
729,Nell,Drama,1994
730,"Queen Margot (Reine Margot, La)",Drama|Romance,1994
731,"Corrina, Corrina",Comedy|Drama|Romance,1994
732,Dave,Comedy|Romance,1993
733,Go Fish,Drama|Romance,1994
734,Made in America,Comedy,1993
735,Philadelphia,Drama,1993
736,Shadowlands,Drama|Romance,1993
737,Sirens,Drama,1994
738,Threesome,Comedy|Romance,1994
739,Pretty Woman,Comedy|Romance,1990
740,Jane Eyre,Drama|Romance,1996
741,The Last Supper,Drama|Thriller,1995
742,Ransom,Crime|Thriller,1996
743,The Crow: City of Angels,Action|Thriller,1996
744,Michael Collins,Drama,1996
745,The Ruling Class,Comedy|Drama,1972
746,Real Genius,Comedy,1985
747,Benny & Joon,Comedy|Romance,1993
748,The Saint,Action|Romance|Sci-Fi|Thriller,1997
749,The MatchMaker,Comedy|Romance,1997
750,Amistad,Drama|Mystery,1997
751,Tomorrow Never Dies,Action|Adventure|Thriller,1997
752,The Replacement Killers,Action|Crime|Thriller,1998
753,Burnt By the Sun,,1994
754,Red Corner,Crime|Thriller,1997
755,Jumanji,Adventure|Children|Fantasy,1995
756,Father of the Bride Part II,Comedy,1995
757,Across the Sea of Time,Documentary|IMAX,1995
758,Lawnmower Man 2: Beyond Cyberspace,Action|Sci-Fi|Thriller,1996
759,Fair Game,Action,1995
760,Screamers,Action|Sci-Fi|Thriller,1995
761,Nick of Time,Action|Thriller,1995
762,Beautiful Girls,Comedy|Drama|Romance,1996
763,Happy Gilmore,Comedy,1996
764,If Lucy Fell,Comedy|Romance,1996
765,Boomerang,Comedy|Romance,1992
766,Man of the Year,Documentary,1995
767,The Addiction,Drama|Horror,1995
768,Casper,Adventure|Children,1995
769,Congo,Action|Adventure|Mystery|Sci-Fi,1995
770,Devil in a Blue Dress,Crime|Film-Noir|Mystery|Thriller,1995
771,Johnny Mnemonic,Action|Sci-Fi|Thriller,1995
772,Kids,Drama,1995
773,Mute Witness,Comedy|Horror|Thriller,1994
774,The Prophecy,Fantasy|Horror|Mystery,1995
775,Something to Talk About,Comedy|Drama|Romance,1995
776,Three Wishes,Drama|Fantasy,1995
777,Castle Freak,Horror,1995
778,Don Juan DeMarco,Comedy|Drama|Romance,1995
779,Drop Zone,Action|Thriller,1994
780,Dumb & Dumber,,1994
781,French Kiss,Action|Comedy|Romance,1995
782,Little Odessa,Crime|Drama,1994
783,Milk Money,Comedy|Romance,1994
784,Beyond Bedlam,Drama|Horror,1993
785,Only You,Comedy|Romance,1994
786,The Perez Family,Comedy|Romance,1995
787,Roommates,Comedy|Drama,1995
788,Relative Fear,,1994
789,Swimming with Sharks,Comedy|Drama,1995
790,Tommy Boy,Comedy,1995
791,The Baby-Sitters Club,Children,1995
792,Bullets Over Broadway,Comedy,1994
793,Crooklyn,Comedy|Drama,1994
794,It Could Happen to You,Comedy|Drama|Romance,1994
795,Richie Rich,Children|Comedy,1994
796,Speechless,Comedy|Romance,1994
797,Timecop,Action|Sci-Fi|Thriller,1994
798,Bad Company,Action|Crime|Drama,1995
799,Boys Life,Drama,1995
800,In the Mouth of Madness,Horror|Thriller,1995
801,The Air Up There,Comedy,1994
802,Hard Target,Action|Adventure|Crime|Thriller,1993
803,Heaven & Earth,Action|Drama|War,1993
804,Jimmy Hollywood,,1994
805,Manhattan Murder Mystery,Comedy|Mystery,1993
806,Menace II Society,Action|Crime|Drama,1993
807,Poetic Justice,Drama,1993
808,The Program,Action|Drama,1993
809,Rising Sun,Action|Drama|Mystery,1993
810,The Shadow,Action|Adventure|Fantasy|Mystery,1994
811,Thirty-Two Short Films About Glenn Gould,Drama|Musical,1993
812,Andre,Adventure|Children|Drama,1994
813,The Celluloid Closet,Documentary,1995
814,"Great Day in Harlem, A",,1994
815,One Fine Day,Drama|Romance,1996
816,Candyman: Farewell to the Flesh,Fantasy|Horror,1995
817,Frisk,,1995
818,Girl 6,Comedy|Drama,1996
819,Eddie,Comedy,1996
820,Space Jam,Adventure|Animation|Children|Comedy|Fantasy|Sci-Fi,1996
821,Mrs. Winterbourne,Comedy|Romance,1996
822,Faces,Drama,1968
823,Mulholland Falls,Crime|Drama|Thriller,1996
824,The Great White Hype,Comedy,1996
825,The Arrival,Action|Sci-Fi|Thriller,1996
826,The Phantom,Action|Adventure,1996
827,Daylight,Action|Adventure|Drama|Thriller,1996
828,Alaska,Adventure|Children,1996
829,Fled,Action|Adventure,1996
830,Power 98,,1995
831,Escape from L.A.,Action|Adventure|Sci-Fi|Thriller,1996
832,Bogus,Children|Drama|Fantasy,1996
833,Bulletproof,Action|Comedy|Crime,1996
834,Halloween: The Curse of Michael Myers,,1995
835,The Gay Divorcee,Comedy|Musical|Romance,1934
836,Ninotchka,Comedy|Romance,1939
837,Meet John Doe,Comedy|Drama,1941
838,In the Line of Duty 2,,1987
839,Loch Ness,,1995
840,Last Man Standing,Action|Crime|Drama|Thriller,1996
841,The Glimmer Man,Action|Thriller,1996
842,Pollyanna,Children|Comedy|Drama,1960
843,The Shaggy Dog,Children|Comedy,1959
844,Freeway,Comedy|Crime|Drama|Thriller,1996
845,That Thing You Do!,Comedy|Drama,1996
846,To Gillian on Her 37th Birthday,Drama|Romance,1996
847,Looking for Richard,Documentary|Drama,1996
848,"Murder, My Sweet",Crime|Film-Noir|Thriller,1944
849,Days of Thunder,Action|Drama|Romance,1990
850,"Perfect Candidate, A",Documentary,1996
851,Two or Three Things I Know About Her,,1966
852,The Bloody Child,Drama|Thriller,1996
853,Braindead,,1992
854,Bad Taste,Comedy|Horror|Sci-Fi,1987
855,Diva,Action|Drama|Mystery|Romance|Thriller,1981
856,Night on Earth,Comedy|Drama,1991
857,Paris Was a Woman,,1995
858,Amityville: Dollhouse,Horror,1996
859,April Fool's Day,Horror,1986
860,The Believers,Horror|Thriller,1987
861,Nosferatu a Venezia,,1986
862,Jingle All the Way,Children|Comedy,1996
863,"Garden of Finzi-Contini, The (Giardino dei Finzi-Contini, Il)",,1970
864,My Fellow Americans,Comedy,1996
865,The Ice Storm,Drama,1997
866,Michael,Comedy|Drama|Fantasy|Romance,1996
867,The Whole Wide World,Drama,1996
868,Hearts and Minds,Drama,1996
869,Fools Rush In,Comedy|Drama|Romance,1997
870,Touch,Drama|Fantasy|Romance,1997
871,Vegas Vacation,,1997
872,Love Jones,,1997
873,Picture Perfect,Comedy|Romance,1997
874,Career Girls,Drama,1997
875,She's So Lovely,Drama|Romance,1997
876,Money Talks,Action|Comedy,1997
877,Excess Baggage,Adventure|Romance,1997
878,That Darn Cat!,,1997
879,The Peacemaker,Action|Thriller|War,1997
880,Soul Food,Drama,1997
881,Money Talks,Action|Comedy,1997
882,Washington Square,,1997
883,Telling Lies in America,,1997
884,Year of the Horse,Documentary,1997
885,Phantoms,Drama|Horror|Thriller,1998
886,"Life Less Ordinary, A",Romance|Thriller,1997
887,Eve's Bayou,Drama,1997
888,One Night Stand,Drama,1997
889,The Tango Lesson,Romance,1997
890,Mortal Kombat: Annihilation,Action|Adventure|Fantasy,1997
891,Bent,Drama|War,1997
892,Flubber,Children|Comedy|Fantasy,1997
893,For Richer or Poorer,Comedy,1997
894,Home Alone 3,Children|Comedy,1997
895,Scream 2,Comedy|Horror|Mystery|Thriller,1997
896,The Sweet Hereafter,Drama,1997
897,Time Tracers,,1995
898,The Postman,Action|Adventure|Drama|Sci-Fi,1997
899,The Winter Guest,Drama,1997
900,Kundun,Drama,1997
901,Mr. Magoo,Comedy,1997
902,The Big Lebowski,Comedy|Crime,1998
903,Afterglow,Drama|Romance,1997
904,Ma vie en rose (My Life in Pink),,1997
905,Great Expectations,Drama|Romance,1998
906,Oscar & Lucinda,,1997
907,Vermin,,1998
908,Half Baked,Comedy,1998
909,Dangerous Beauty,Drama,1998
910,Nil By Mouth,Drama,1997
911,Twilight,Crime|Drama|Thriller,1998
912,U.S. Marshalls,,1998
913,Love and Death on Long Island,Comedy|Drama,1997
914,Wild Things,Crime|Drama|Mystery|Thriller,1998
915,Primary Colors,Comedy|Drama,1998
916,Lost in Space,Action|Adventure|Sci-Fi,1998
917,Mercury Rising,Action|Drama|Thriller,1998
918,City of Angels,Drama|Fantasy|Romance,1998
919,The City of Lost Children,,1995
920,Two Bits,,1995
921,Farewell My Concubine,,1993
922,Dead Man,Drama|Mystery|Western,1995
923,Raise the Red Lantern,,1991
924,White Squall,Action|Adventure|Drama,1996
925,Unforgettable,Mystery|Sci-Fi|Thriller,1996
926,Down Periscope,Comedy,1996
927,"Flower of My Secret, The (Flor de mi secreto, La)",,1995
928,The Craft,Drama|Fantasy|Horror|Thriller,1996
929,Harriet the Spy,Children|Comedy,1996
930,Chain Reaction,Action|Adventure|Thriller,1996
931,The Island of Dr. Moreau,Sci-Fi|Thriller,1996
932,First Kid,Children|Comedy,1996
933,The Funeral,Crime|Drama,1996
934,The Preacher's Wife,Drama,1996
935,Paradise Road,Drama|War,1997
936,Brassed Off,Comedy|Drama|Romance,1996
937,"Thousand Acres, A",Drama,1997
938,"Smile Like Yours, A",Comedy|Romance,1997
939,Murder in the First,Drama|Thriller,1995
940,Airheads,Comedy,1994
941,With Honors,Comedy|Drama,1994
942,What's Love Got to Do with It,,1993
943,Killing Zoe,Crime|Drama|Thriller,1994
944,Renaissance Man,Comedy|Drama,1994
945,Charade,Comedy|Crime|Mystery|Romance|Thriller,1963
946,The Fox and the Hound,Animation|Children|Drama,1981
947,"Big Blue, The (Grand bleu, Le)",Adventure|Drama|Romance,1988
948,Booty Call,Comedy|Romance,1997
949,How to Make an American Quilt,Drama|Romance,1995
950,Georgia,Drama,1995
951,The Indian in the Cupboard,Adventure|Children|Fantasy,1995
952,Blue in the Face,Comedy|Drama,1995
953,Unstrung Heroes,Comedy|Drama,1995
954,Unzipped,Documentary,1995
955,Before Sunrise,Drama|Romance,1995
956,Nobody's Fool,Comedy|Drama|Romance,1994
957,Pushing Hands,,1992
958,To Live (Huozhe),Drama,1994
959,Dazed and Confused,Comedy,1993
960,Naked,Drama,1993
961,Orlando,,1993
962,Ruby in Paradise,Drama,1993
963,Some Folks Call It a Sling Blade,Drama|Thriller,1993
964,"Month by the Lake, A",Comedy|Drama|Romance,1995
965,Funny Face,Comedy|Musical,1957
966,"Affair to Remember, An",Drama|Romance,1957
967,Little Lord Fauntleroy,Drama,1936
968,The Inspector General,Musical,1949
969,Winnie the Pooh and the Blustery Day,Animation|Children|Musical,1968
970,Hear My Song,Comedy,1991
971,Mediterraneo,Comedy|Drama,1991
972,Passion Fish,Drama,1992
973,Grateful Dead,,1995
974,Eye for an Eye,Drama|Thriller,1996
975,Fear,Thriller,1996
976,Solo,Action|Sci-Fi|Thriller,1996
977,The Substitute,Action|Crime|Drama,1996
978,Heaven's Prisoners,Crime|Thriller,1996
979,The Trigger Effect,Drama|Thriller,1996
980,Mother Night,Drama,1996
981,Dangerous Ground,Drama,1997
982,Maximum Risk,Action|Adventure|Thriller,1996
983,The Rich Man's Wife,Thriller,1996
984,Shadow Conspiracy,Thriller,1997
985,Blood & Wine,,1997
986,Turbulence,Action|Thriller,1997
987,Underworld,,1997
988,The Beautician and the Beast,Comedy|Romance,1997
989,Cats Don't Dance,Animation|Children|Musical,1997
990,Anna Karenina,,1997
991,Keys to Tulsa,Crime,1997
992,Head Above Water,,1996
993,Hercules,Adventure|Animation|Children|Comedy|Musical,1997
994,The Last Time I Committed Suicide,,1997
995,"Kiss Me, Guido",Comedy,1997
996,The Big Green,Children|Comedy,1995
997,Stuart Saves His Family,Comedy,1995
998,Cabin Boy,Comedy,1994
999,Clean Slate,Comedy,1994
1000,Lightning Jack,Comedy|Western,1994
1001,The Stupids,Comedy,1996
1002,The Pest,Comedy,1997
1003,That Darn Cat!,,1997
1004,Geronimo: An American Legend,Drama|Western,1993
1005,"Double vie de Véronique, La (Double Life of Veronique, The)",,1991
1006,Until the End of the World (Bis ans Ende der Welt),Adventure|Drama|Sci-Fi,1991
1007,Waiting for Guffman,Comedy,1996
1008,I Shot Andy Warhol,Drama,1996
1009,Stealing Beauty,Drama,1996
1010,Basquiat,Drama,1996
1011,2 Days in the Valley,Crime|Film-Noir,1996
1012,Private Parts,Comedy|Drama,1997
1013,Anaconda,Action|Adventure|Thriller,1997
1014,Romy and Michele's High School Reunion,Comedy,1997
1015,Shiloh,,1997
1016,Con Air,Action|Adventure|Thriller,1997
1017,Trees Lounge,Drama,1996
1018,Tie Me Up! Tie Me Down!,,1990
1019,"Die xue shuang xiong (Killer, The)",,1989
1020,Gaslight,Drama|Thriller,1944
1021,8 1/2,,1963
1022,"Fast, Cheap & Out of Control",Documentary,1997
1023,Fathers' Day,Comedy,1997
1024,Mrs. Dalloway,Drama|Romance,1997
1025,Fire Down Below,Action|Drama|Thriller,1997
1026,The Lay of the Land,,1997
1027,The Shooter,,1995
1028,Grumpier Old Men,Comedy|Romance,1995
1029,Jury Duty,Comedy,1995
1030,The Beverly Hillbillies,Comedy,1993
1031,Lassie,Adventure|Children,1994
1032,Little Big League,Comedy|Drama,1994
1033,Homeward Bound II: Lost in San Francisco,Adventure|Children,1996
1034,The Quest,Action|Adventure,1996
1035,Cool Runnings,Comedy,1993
1036,Drop Dead Fred,Comedy|Fantasy,1991
1037,Grease 2,Comedy|Musical|Romance,1982
1038,Switchback,Crime|Mystery|Thriller,1997
1039,Hamlet,Crime|Drama|Romance,1996
1040,Two if by Sea,Comedy|Romance,1996
1041,Forget Paris,Comedy|Romance,1995
1042,Just Cause,Mystery|Thriller,1995
1043,Rent-a-Kid,,1995
1044,The Paper,Comedy|Drama,1994
1045,Fearless,Drama,1993
1046,Malice,Thriller,1993
1047,Multiplicity,Comedy,1996
1048,She's the One,Comedy|Romance,1996
1049,House Arrest,Children|Comedy,1996
1050,The Ghost and Mrs. Muir,Drama|Fantasy|Romance,1947
1051,The Associate,Comedy,1996
1052,Dracula: Dead and Loving It,Comedy|Horror,1995
1053,Now and Then,Children|Drama,1995
1054,Mr. Wrong,Comedy,1996
1055,"Simple Twist of Fate, A",Drama,1994
1056,Cronos,,1992
1057,The Pallbearer,Comedy,1996
1058,The War,Adventure|Drama|War,1994
1059,Don't Be a Menace to South Central While Drinking Your Juice in the Hood,Comedy|Crime,1996
1060,The Adventures of Pinocchio,Adventure|Children,1996
1061,The Evening Star,Comedy|Drama,1996
1062,Four Days in September,,1997
1063,"Little Princess, A",Children|Drama,1995
1064,Crossfire,Crime|Film-Noir,1947
1065,Koyaanisqatsi,,1983
1066,Balto,Adventure|Animation|Children,1995
1067,Bottle Rocket,Adventure|Comedy|Crime|Romance,1996
1068,"Star Maker, The (Uomo delle stelle, L')",Drama,1995
1069,Amateur,Crime|Drama|Thriller,1994
1070,Living in Oblivion,Comedy,1995
1071,Party Girl,Comedy,1995
1072,"Pyromaniac's Love Story, A",Comedy|Romance,1995
1073,Shallow Grave,Comedy|Drama|Thriller,1994
1074,Reality Bites,Comedy|Drama|Romance,1994
1075,"Man of No Importance, A",,1994
1076,The Pagemaster,Action|Adventure|Animation|Children|Fantasy,1994
1077,Love and a .45,Action|Comedy|Crime,1994
1078,Oliver & Company,Adventure|Animation|Children|Comedy|Musical,1988
1079,Joe's Apartment,Comedy|Fantasy|Musical,1996
1080,Celestial Clockwork,,1994
1081,Curdled,,1996
1082,Female Perversions,Drama,1996
1083,Albino Alligator,Crime|Thriller,1996
1084,Anne Frank Remembered,Documentary,1995
1085,Carried Away,Drama|Romance,1996
1086,It's My Party,,1995
1087,Bloodsport 2,,1995
1088,Double Team,Action,1997
1089,Speed 2: Cruise Control,Action|Romance|Thriller,1997
1090,Sliver,Thriller,1993
1091,Pete's Dragon,Adventure|Animation|Children|Musical,1977
1092,Dear God,Comedy,1996
1093,Live Nude Girls,Comedy,1995
1094,"Thin Line Between Love and Hate, A",Comedy,1996
1095,High School High,Comedy,1996
1096,Commandments,,1997
1097,"Hate (Haine, La)",Crime|Drama,1995
1098,Flirting With Disaster,Comedy,1996
1099,"Red Firecracker, Green Firecracker",,1994
1100,What Happened Was...,Comedy|Drama|Romance|Thriller,1994
1101,Six Degrees of Separation,Drama,1993
1102,Two Much,,1996
1103,Trust,Comedy|Drama|Romance,1990
1104,C'est arrivé près de chez vous,,1992
1105,Firestorm,Action|Adventure|Thriller,1998
1106,The Newton Boys,Crime|Drama,1998
1107,Beyond Rangoon,Adventure|Drama|War,1995
1108,Feast of July,Drama,1995
1109,Death and the Maiden,Drama|Thriller,1994
1110,Tank Girl,Action|Comedy|Sci-Fi,1995
1111,Double Happiness,Drama,1994
1112,Cobb,Drama,1994
1113,Mrs. Parker and the Vicious Circle,Drama,1994
1114,Faithful,Comedy,1996
1115,Twelfth Night,Comedy|Drama|Romance,1996
1116,The Mark of Zorro,Adventure,1940
1117,Surviving Picasso,Drama,1996
1118,Up in Smoke,,1978
1119,Some Kind of Wonderful,Drama|Romance,1987
1120,I'm Not Rappaport,Comedy,1996
1121,"Umbrellas of Cherbourg, The (Parapluies de Cherbourg, Les)",Drama|Musical|Romance,1964
1122,They Made Me a Criminal,Crime|Drama,1939
1123,The Last Time I Saw Paris,Drama,1954
1124,"Farewell to Arms, A",Romance|War,1932
1125,The Innocents,Drama|Horror|Thriller,1961
1126,The Old Man and the Sea,Adventure|Drama,1958
1127,The Truman Show,Comedy|Drama|Sci-Fi,1998
1128,Heidi Fleiss: Hollywood Madam ,,1995
1129,Chungking Express,,1994
1130,Jupiter's Wife,,1994
1131,Safe,Thriller,1995
1132,Feeling Minnesota,Drama|Romance,1996
1133,Escape to Witch Mountain,Adventure|Children|Fantasy,1975
1134,Get on the Bus,Drama,1996
1135,The Doors,Drama,1991
1136,Ghosts of Mississippi,Drama,1996
1137,Beautiful Thing,Drama|Romance,1996
1138,Best Men,Action|Comedy|Crime|Drama,1997
1139,Hackers,Action|Adventure|Crime|Thriller,1995
1140,The Road to Wellville,Comedy,1994
1141,The War Room,Documentary,1993
1142,When We Were Kings,Documentary,1996
1143,Hard Eight,,1996
1144,The Quiet Room,,1996
1145,Blue Chips,Drama,1994
1146,Calendar Girl,,1993
1147,My Family,Drama,1995
1148,Tom & Viv,Drama,1994
1149,Walkabout,Adventure|Drama,1971
1150,Last Dance,Drama,1996
1151,Original Gangstas,,1996
1152,In Love and War,Romance|War,1996
1153,Backbeat,Drama|Musical,1993
1154,Alphaville,,1965
1155,"Rendezvous in Paris (Rendez-vous de Paris, Les)",,1995
1156,Cyclo,,1995
1157,The Relic,Horror|Thriller,1997
1158,"Fille seule, La (A Single Girl)",,1995
1159,Stalker,Drama|Mystery|Sci-Fi,1979
1160,Love! Valour! Compassion!,Drama|Romance,1997
1161,Palookaville,Action|Comedy|Drama,1996
1162,Phat Beach,Comedy,1996
1163,The Portrait of a Lady,Drama,1996
1164,Zeus and Roxanne,,1997
1165,Big Bully,,1996
1166,Love & Human Remains,Comedy|Drama,1993
1167,The Sum of Us,Comedy|Drama,1994
1168,Little Buddha,Drama,1993
1169,Fresh,Crime|Drama|Thriller,1994
1170,Spanking the Monkey,Comedy|Drama,1994
1171,Wild Reeds,,1994
1172,The Women,Comedy,1939
1173,Bliss,Drama|Romance,1997
1174,Caught,Drama|Thriller,1996
1175,Hugo Pool,,1997
1176,Welcome To Sarajevo,,1997
1177,Dunston Checks In,Children|Comedy,1996
1178,Major Payne,,1994
1179,Man of the House,Comedy,1995
1180,I Love Trouble,Action|Comedy,1994
1181,"Low Down Dirty Shame, A",Action|Comedy,1994
1182,Cops and Robbersons,Comedy,1994
1183,The Cowboy Way,Action|Comedy|Drama,1994
1184,The Endless Summer 2,Adventure|Documentary,1994
1185,In the Army Now,Comedy|War,1994
1186,The Inkwell,Comedy|Drama,1994
1187,Switchblade Sisters,,1975
1188,Young Guns II,Action|Western,1990
1189,Prefontaine,Drama,1997
1190,That Old Feeling,Comedy|Romance,1997
1191,"Letter From Death Row, A",,1998
1192,The Boys of St. Vincent,,1993
1193,Before the Rain (Pred dozhdot),Drama|War,1994
1194,Once Were Warriors,Crime|Drama,1994
1195,Strawberry and Chocolate (Fresa y chocolate),Drama,1993
1196,"Savage Nights (Nuits fauves, Les)",Drama,1992
1197,"Family Thing, A",Comedy|Drama,1996
1198,Purple Noon,,1960
1199,Cemetery Man (Dellamorte Dellamore),Horror,1994
1200,Kim,Children|Drama,1950
1201,Marlene Dietrich: Shadow and Light ,,1996
1202,"Maybe, Maybe Not (Bewegte Mann, Der)",,1994
1203,Top Hat,Comedy|Musical|Romance,1935
1204,To Be or Not to Be,Comedy|Drama|War,1942
1205,The Secret Agent,Drama,1996
1206,Amos & Andrew,Comedy,1993
1207,Jade,Thriller,1995
1208,Kiss of Death,Crime|Drama|Thriller,1995
1209,Mixed Nuts,Comedy,1994
1210,Virtuosity,Action|Sci-Fi|Thriller,1995
1211,Blue Sky,Drama|Romance,1994
1212,Flesh and Bone,Drama|Mystery|Romance,1993
1213,Guilty as Sin,Crime|Drama|Thriller,1993
1214,In the Realm of the Senses (Ai no corrida),Drama,1976
1215,Barb Wire,Action|Sci-Fi,1996
1216,Kissed,Drama|Romance,1996
1217,Assassins,Action|Crime|Thriller,1995
1218,Friday,Comedy,1995
1219,"Goofy Movie, A",Animation|Children|Comedy|Romance,1995
1220,Higher Learning,Drama,1995
1221,When a Man Loves a Woman,Drama|Romance,1994
1222,Judgment Night,Action|Crime|Thriller,1993
1223,King of the Hill,Drama,1993
1224,The Scout,Comedy|Drama,1994
1225,Angus,Comedy,1995
1226,Night Falls on Manhattan,,1997
1227,"Awfully Big Adventure, An",Drama,1995
1228,Under Siege 2: Dark Territory,Action,1995
1229,Poison Ivy II,,1995
1230,Ready to Wear (Pret-A-Porter),Comedy,1994
1231,Marked for Death,Action|Drama,1990
1232,Madonna: Truth or Dare,Documentary|Musical,1991
1233,Nénette et Boni,,1996
1234,Chairman of the Board,,1998
1235,The Big Bang Theory,,1994
1236,"Other Voices, Other Rooms",,1997
1237,Twisted,,1996
1238,Full Speed,,1996
1239,Cutthroat Island,Action|Adventure|Romance,1995
1240,Ghost in the Shell (Kokaku kidotai),,1995
1241,The Van,Comedy|Drama,1996
1242,"Old Lady Who Walked in the Sea, The (Vieille qui marchait dans la mer, La)",,1991
1243,Night Flier,Horror,1997
1244,Metro,Action|Comedy|Crime|Drama|Thriller,1997
1245,Gridlock'd,Crime,1997
1246,Bushwhacked,,1995
1247,Bad Girls,Western,1994
1248,Blink,Thriller,1994
1249,For Love or Money,Comedy|Romance,1993
1250,Best of the Best 3: No Turning Back,,1995
1251,A Chef in Love,,1996
1252,"Contempt (Mépris, Le)",Drama,1963
1253,The Tie That Binds,Thriller,1995
1254,Gone Fishin',Comedy,1997
1255,Broken English,,1996
1256,The Designated Mourner,Drama,1997
1257,The Designated Mourner,Drama,1997
1258,Trial and Error,Comedy|Romance,1997
1259,Pie in the Sky,,1995
1260,Total Eclipse,Drama|Romance,1995
1261,The Run of the Country,Drama,1995
1262,Walking and Talking,Comedy|Drama|Romance,1996
1263,Foxfire,Drama,1996
1264,Nothing to Lose,Action|Crime|Drama,1994
1265,Star Maps,Drama,1997
1266,Bread and Chocolate (Pane e cioccolata),Comedy|Drama,1973
1267,Clockers,Crime|Drama|Mystery,1995
1268,Bitter Moon,Drama|Film-Noir|Romance,1992
1269,Love in the Afternoon,Comedy|Romance,1957
1270,Life with Mikey,Comedy,1993
1271,North,Comedy,1994
1272,Talking About Sex,Comedy|Drama,1994
1273,Color of Night,Drama|Thriller,1994
1274,Robocop 3,,1993
1275,Killer (Bulletproof Heart),Drama|Thriller,1994
1276,Sunset Park,,1996
1277,Set It Off,Action|Crime,1996
1278,Selena,Drama|Musical,1997
1279,Wild America,Adventure|Children,1997
1280,Gang Related,,1997
1281,Manny & Lo,,1996
1282,The Grass Harp,Comedy|Drama,1995
1283,Out to Sea,Comedy,1997
1284,Before and After,Drama|Mystery,1996
1285,Princess Caraboo,Drama,1994
1286,Shall We Dance?,,1937
1287,Ed,Comedy,1996
1288,Denise Calls Up,Comedy,1995
1289,Jack and Sarah,Romance,1995
1290,Country Life,Drama|Romance,1994
1291,Celtic Pride,Comedy,1996
1292,"Simple Wish, A",Children|Fantasy,1997
1293,Star Kid,Adventure|Children|Fantasy|Sci-Fi,1997
1294,Ayn Rand: A Sense of Life,,1997
1295,Kicked in the Head,,1997
1296,Indian Summer,,1996
1297,Love Affair,Drama|Romance,1994
1298,The Band Wagon,Comedy|Musical,1953
1299,Penny Serenade,Drama|Romance,1941
1300,'Til There Was You,Drama|Romance,1997
1301,Stripes,Comedy|War,1981
1302,Late Bloomers,,1996
1303,The Getaway,Action|Adventure|Crime|Drama|Romance|Thriller,1994
1304,New York Cop,,1996
1305,National Lampoon's Senior Trip,Comedy,1995
1306,Delta of Venus,,1994
1307,Carmen Miranda: Bananas Is My Business,Documentary,1994
1308,Babyfever,,1994
1309,"Very Natural Thing, A",,1974
1310,"Walk in the Sun, A",,1945
1311,Waiting to Exhale,Comedy|Drama|Romance,1995
1312,The Pompatus of Love,Comedy|Drama,1996
1313,Palmetto,Crime|Drama|Mystery|Romance|Thriller,1998
1314,Surviving the Game,Action|Adventure|Thriller,1994
1315,Inventing the Abbotts,Drama|Romance,1997
1316,The Horse Whisperer,Drama|Romance,1998
1317,The Journey of August King,,1995
1318,Catwalk,,1995
1319,The Neon Bible,,1995
1320,Homage,,1995
1321,Open Season,,1996
1322,Metisse (Café au Lait),,1993
1323,"Wooden Man's Bride, The (Wu Kui)",,1994
1324,Loaded,Drama|Thriller,1994
1325,August,,1996
1326,Boys,Drama,1996
1327,Captives,,1994
1328,Of Love and Shadows,,1994
1329,The Low Life,,1994
1330,An Unforgettable Summer,,1994
1331,"The Last Klezmer: Leopold Kozlowski, His Life and Music",,1995
1332,My Life and Times With Antonin Artaud (En compagnie d'Antonin Artaud),Drama,1993
1333,Midnight Dancers (Sibak),,1994
1334,Somebody to Love,,1994
1335,American Buffalo,Crime|Drama,1996
1336,Kazaam,Children|Comedy|Fantasy,1996
1337,Larger Than Life,Comedy,1996
1338,Two Deaths,Drama,1995
1339,Stefano Quantestorie,,1993
1340,The Crude Oasis,,1995
1341,Hedd Wyn,,1992
1342,"Convent, The (Convento, O)",,1995
1343,Lotto Land,,1995
1344,The Story of Xinghua,,1993
1345,"Day the Sun Turned Cold, The (Tianguo niezi)",Drama,1994
1346,Dingo,,1992
1347,"Ballad of Narayama, The (Narayama Bushiko)",Drama,1958
1348,Every Other Weekend,,1990
1349,Mille bolle blu,,1993
1350,Crows and Sparrows,,1949
1351,Lover's Knot,,1996
1352,Shadow of Angels (Schatten der Engel),,1976
1353,1-900,,1994
1354,Venice/Venice,,1992
1355,Infinity,,1996
1356,Ed's Next Move,,1996
1357,For the Moment,,1994
1358,The Deadly Cure,,1996
1359,Boys in Venice,,1996
1360,The Sexual Life of the Belgians,,1994
1361,The Search for One-eye Jimmy,,1996
1362,American Strays,,1996
1363,The Leopard Son,,1996
1364,Bird of Prey,,1996
1365,Johnny 100 Pesos,,1993
1366,JLG/JLG - autoportrait de décembre,,1994
1367,Faust,,1994
1368,Mina Tannenbaum,Drama,1994
1369,"Forbidden Christ, The (Cristo proibito, Il)",,1950
1370,I Can't Sleep (J'ai pas sommeil),Drama|Thriller,1994
1371,The Machine,,1994
1372,The Stranger,,1994
1373,Good Morning,,1971
1374,Falling in Love Again,,1980
1375,The Cement Garden,Drama,1993
1376,Meet Wally Sparks,,1997
1377,Hotel de Love,Comedy|Romance,1996
1378,Rhyme & Reason,,1997
1379,Love and Other Catastrophes,Romance,1996
1380,Hollow Reed,Drama,1996
1381,Losing Chase,Drama,1996
1382,"Bonheur, Le",,1965
1383,The Second Jungle Book: Mowgli & Baloo,,1997
1384,Squeeze,,1996
1385,Roseanna's Grave (For Roseanna),,1997
1386,Tetsuo II: Body Hammer,Horror|Sci-Fi,1992
1387,Fall,,1997
1388,Gabbeh,Drama,1996
1389,Mondo,,1996
1390,The Innocent Sleep,,1995
1391,For Ever Mozart,,1996
1392,The Locusts,,1997
1393,Stag,Action|Thriller,1997
1394,Swept from the Sea,,1997
1395,Hurricane Streets,,1998
1396,Stonewall,Drama,1995
1397,Of Human Bondage,,1934
1398,Anna,,1996
1399,Stranger in the House,,1997
1400,Picture Bride,,1995
1401,M. Butterfly,Drama|Romance,1993
1402,"Ciao, Professore!",,1993
1403,Caro Diario (Dear Diary),,1994
1404,Withnail and I,,1987
1405,Boy's Life 2,,1997
1406,When Night Is Falling,Drama|Romance,1995
1407,The Specialist,Action|Drama|Thriller,1994
1408,Gordy,Children|Comedy|Fantasy,1995
1409,The Swan Princess,Animation|Children,1994
1410,Harlem,,1993
1411,Barbarella,Adventure|Comedy|Sci-Fi,1968
1412,Land Before Time III: The Time of the Great Giving (19,,1995
1413,Street Fighter,Action|Adventure|Fantasy,1994
1414,Coldblooded,,1995
1415,The Next Karate Kid,Action|Children|Romance,1994
1416,No Escape,Action|Drama|Sci-Fi,1994
1417,The Turning,,1992
1418,The Joy Luck Club,Drama|Romance,1993
1419,Highlander III: The Sorcerer,,1994
1420,Gilligan's Island: The Movie,,1998
1421,My Crazy Life (Mi vida loca),Drama,1993
1422,Suture,Film-Noir|Thriller,1993
1423,The Walking Dead,Drama|War,1995
1424,I Like It Like That,,1994
1425,I'll Do Anything,Comedy|Drama,1994
1426,Grace of My Heart,Comedy|Drama,1996
1427,Drunks,,1995
1428,SubUrbia,Comedy|Drama,1997
1429,Sliding Doors,Drama|Romance,1998
1430,Ill Gotten Gains,,1997
1431,Legal Deceit,,1997
1432,The Mighty,Drama,1998
1433,Men of Means,,1998
1434,Shooting Fish,Comedy|Romance,1997
1435,"Steal Big, Steal Little",Comedy,1995
1436,Mr. Jones,Drama|Romance,1993
1437,House Party 3,Comedy,1994
1438,Panther,,1995
1439,Jason's Lyric,Crime|Drama,1994
1440,Above the Rim,Crime|Drama,1994
1441,Moonlight and Valentino,,1995
1442,The Scarlet Letter,Drama|Romance,1995
1443,8 Seconds,Drama,1994
1444,That Darn Cat!,Children|Comedy|Mystery,1965
1445,Ladybird Ladybird,Drama,1994
1446,"Bye Bye, Love",Comedy,1995
1447,Century,,1993
1448,My Favorite Season,Drama,1993
1449,Pather Panchali,,1955
1450,Golden Earrings,,1947
1451,Foreign Correspondent,Drama|Film-Noir|Mystery|Thriller,1940
1452,Lady of Burlesque,,1943
1453,Angel on My Shoulder,Crime|Drama,1946
1454,Angel and the Badman,Romance|Western,1947
1455,The Outlaw,,1943
1456,Beat the Devil,,1954
1457,Love Is All There Is,,1996
1458,"Damsel in Distress, A",Comedy|Musical|Romance,1937
1459,Madame Butterfly,Musical,1995
1460,Sleepover,,1995
1461,Here Comes Cookie,,1935
1462,"Thieves (Voleurs, Les)",Crime|Drama|Romance,1996
1463,"Boys, Les",,1997
1464,The Stars Fell on Henrietta,,1995
1465,Last Summer in the Hamptons,Comedy|Drama,1995
1466,Margaret's Museum,Drama,1995
1467,The Saint of Fort Washington,,1993
1468,The Cure,Drama,1995
1469,Tom and Huck,Adventure|Children,1995
1470,Gumby: The Movie,Animation|Children,1995
1471,Hideaway,Thriller,1995
1472,"Visitors, The (Visiteurs, Les)",Comedy|Fantasy|Sci-Fi,1993
1473,The Little Princess,Children|Drama,1939
1474,Nina Takes a Lover,Comedy|Romance,1994
1475,Bhaji on the Beach,Comedy|Drama,1993
1476,Raw Deal,Film-Noir,1948
1477,Nightwatch,Horror|Thriller,1997
1478,Dead Presidents,Action|Crime|Drama,1995
1479,Reckless,Comedy|Fantasy,1995
1480,Herbie Rides Again,Children|Comedy|Fantasy|Romance,1974
1481,S.F.W.,,1994
1482,The Gate of Heavenly Peace,Documentary,1995
1483,The Man in the Iron Mask,Action|Adventure|Drama,1998
1484,The Jerky Boys,,1994
1485,"Colonel Chabert, Le",Drama|Romance|War,1994
1486,Girl in the Cadillac,,1995
1487,Even Cowgirls Get the Blues,Comedy|Romance,1993
1488,Germinal,Drama|Romance,1993
1489,Chasers,Comedy,1994
1490,Fausto,,1993
1491,Tough and Deadly,,1995
1492,Window to Paris,,1994
1493,"Modern Affair, A",,1995
1494,"Mostro, Il",,1994
1495,Flirt,Drama,1995
1496,Carpool,Comedy|Crime,1996
1497,The Line King: Al Hirschfeld,,1996
1498,Farmer & Chase,,1995
1499,Grosse Fatigue,,1994
1500,Santa with Muscles,Comedy,1996
1501,Prisoner of the Mountains (Kavkazsky Plennik),,1996
1502,Naked in New York,,1994
1503,Gold Diggers: The Secret of Bear Mountain,Adventure|Children,1995
1504,"Bewegte Mann, Der",,1994
1505,Killer: A Journal of Murder,,1995
1506,Nelly & Monsieur Arnaud,,1995
1507,Three Lives and Only One Death,,1996
1508,The Babysitter,Drama|Thriller,1995
1509,Getting Even with Dad,Comedy,1994
1510,Mad Dog Time,,1996
1511,Children of the Revolution,Comedy,1996
1512,"World of Apu, The (Apur Sansar)",Drama,1959
1513,Sprung,Comedy,1997
1514,Dream With the Fishes,Drama,1997
1515,Wings of Courage,,1995
1516,The Wedding Gift,Drama|Romance,1994
1517,Race the Sun,,1996
1518,Losing Isaiah,Drama,1995
1519,New Jersey Drive,Crime|Drama,1995
1520,The Fear,,1995
1521,Mr. Wonderful,Comedy|Romance,1993
1522,Trial by Jury,Crime|Drama|Thriller,1994
1523,"Good Man in Africa, A",,1994
1524,Kaspar Hauser,Drama|Mystery,1993
1525,The Object of My Affection,Comedy|Romance,1998
1526,Witness,Drama|Romance|Thriller,1985
1527,Senseless,Comedy,1998
1528,Nowhere,Comedy|Drama,1997
1529,Underground,Comedy|Drama|War,1995
1530,Jefferson in Paris,Drama,1995
1531,Far From Home: The Adventures of Yellow Dog,Adventure|Children,1995
1532,Foreign Student,,1994
1533,I Don't Want to Talk About It (De eso no se habla),,1993
1534,Twin Town,Comedy|Crime,1997
1535,"Enfer, L'",Drama,1994
1536,Aiqing wansui,,1994
1537,Cosi,Comedy,1996
1538,All Over Me,,1997
1539,Being Human,Drama,1993
1540,The Amazing Panda Adventure,Adventure|Children,1995
1541,"The Beans of Egypt, Maine",,1994
1542,The Scarlet Letter,Drama,1926
1543,Johns,Drama,1996
1544,It Takes Two,Children|Comedy,1995
1545,Frankie Starlight,Drama|Romance,1995
1546,Shadows (Cienie),,1988
1547,The Show,,1995
1548,The Courtyard,,1995
1549,Dream Man,,1995
1550,Destiny Turns on the Radio,Comedy,1995
1551,The Glass Shield,,1994
1552,The Hunted,Action,1995
1553,The Underneath,,1995
1554,Safe Passage,Drama,1994
1555,The Secret Adventures of Tom Thumb,Adventure|Animation,1993
1556,Condition Red,,1995
1557,Yankee Zulu,,1994
1558,Aparajito,,1956
1559,Hostile Intentions,,1994
1560,Clean Slate (Coup de Torchon),,1981
1561,Tigrero: A Film That Was Never Made,,1994
1562,"Eye of Vichy, The (Oeil de Vichy, L')",,1993
1563,"Promise, The (Versprechen, Das)",,1994
1564,To Cross the Rubicon,,1991
1565,Daens,,1992
1566,The Man from Down Under,,1943
1567,Careful,,1992
1568,Vermont Is For Lovers,,1992
1569,"Vie est belle, La (Life is Rosey)",,1987
1570,Quartier Mozart,,1992
1571,Touki Bouki (Journey of the Hyena),,1973
1572,Wend Kuuni (God's Gift),,1982
1573,Spirits of the Dead (Tre passi nel delirio),,1968
1574,Pharaoh's Army,,1995
1575,"I, Worst of All (Yo, la peor de todas)",,1990
1576,"Hungarian Fairy Tale, A",,1987
1577,"Death in the Garden (Mort en ce jardin, La)",Drama,1956
1578,"Collectionneuse, La",,1967
1579,Baton Rouge,,1988
1580,Liebelei,,1933
1581,The Woman in Question,,1950
1582,T-Men,Film-Noir,1947
1583,"Invitation, The (Zaproszenie)",,1986
1584,"Symphonie pastorale, La",,1946
1585,American Dream,Documentary,1990
1586,Lashou shentan,,1992
1587,Terror in a Texas Town,,1958
1588,Salut cousin!,,1996
1589,Schizopolis,Comedy,1996
1590,"To Have, or Not",,1995
1591,Duoluo tianshi,,1995
1592,The Magic Hour,,1998
1593,Death in Brunswick,,1991
1594,Everest,Documentary|IMAX,1998
1595,Shopping,Action|Thriller,1994
1596,Nemesis 2: Nebula,,1995
1597,Romper Stomper,Action|Drama,1992
1598,City of Industry,Crime|Thriller,1997
1599,Someone Else's America,,1995
1600,Guantanamera,Comedy,1994
1601,Office Killer,Thriller,1997
1602,"Price Above Rubies, A",,1998
1603,Angela,Drama,1995
1604,He Walked by Night,Crime|Film-Noir|Thriller,1948
1605,Love Serenade,,1996
1606,Deceiver,Crime|Drama|Thriller,1997
1607,Hurricane Streets,,1998
1608,Buddy,,1997
1609,B*A*P*S,Comedy,1997
1610,"Truth or Consequences, N.M.",Action|Crime|Romance,1997
1611,Intimate Relations,,1996
1612,The Leading Man,,1996
1613,Tokyo Fist,,1995
1614,The Reluctant Debutante,Comedy|Drama,1958
1615,Warriors of Virtue,Action|Adventure|Children|Fantasy,1997
1616,Desert Winds,,1995
1617,Hugo Pool,,1997
1618,King of New York,Crime|Thriller,1990
1619,All Things Fair,,1996
1620,The Sixth Man,,1997
1621,Butterfly Kiss,Drama|Thriller,1995
1622,"Paris, France",Comedy,1993
1623,"Cérémonie, La",,1995
1624,Hush,Thriller,1998
1625,Nightwatch,Horror|Thriller,1997
1626,Nobody Loves Me (Keiner liebt mich),,1994
1627,The Wife,Comedy|Drama,1995
1628,Lamerica,Adventure|Drama,1994
1629,Nico Icon,Documentary,1995
1630,"Silence of the Palace, The (Saimt el Qusur)",,1994
1631,The Slingshot,,1993
1632,Land and Freedom (Tierra y libertad),Drama|War,1995
1633,Á köldum klaka (Cold Fever),,1994
1634,Etz Hadomim Tafus (Under the Domin Tree),,1994
1635,Two Friends ,,1986
1636,Brothers in Trouble,,1995
1637,Girls Town,,1996
1638,Normal Life,Crime|Drama|Romance,1996
1639,Bitter Sugar (Azucar Amargo),,1996
1640,The Eighth Day,,1996
1641,Dadetown,,1995
1642,Some Mother's Son,,1996
1643,Angel Baby,Drama,1995
1644,Sudden Manhattan,,1996
1645,The Butcher Boy,,1998
1646,Men With Guns,,1997
1647,Hana-bi,,1997
1648,"Niagara, Niagara",,1997
1649,The Big One,Comedy|Documentary,1997
1650,The Butcher Boy,,1998
1651,The Spanish Prisoner,Crime|Drama|Mystery|Thriller,1997
1652,Temptress Moon (Feng Yue),,1996
1653,Entertaining Angels: The Dorothy Day Story,,1996
1654,Chairman of the Board,,1998
1655,The Favor,Comedy|Romance,1994
1656,Little City,,1998
1657,Target,,1995
1658,The Substance of Fire,Drama,1996
1659,Getting Away With Murder,,1996
1660,Small Faces,,1995
1661,The New Age,,1994
1662,Rough Magic,Drama|Romance,1995
1663,Nothing Personal,,1995
1664,8 Heads in a Duffel Bag,Comedy,1997
1665,"Brother's Kiss, A",,1997
1666,Ripe,,1996
1667,The Next Step,,1995
1668,Wedding Bell Blues,,1996
1669,MURDER and murder,,1996
1670,Tainted,,1998
1671,"Further Gesture, A",,1996
1672,Kika,Comedy|Drama,1993
1673,Mirage,Action|Thriller,1995
1674,Mamma Roma,,1962
1675,The Sunchaser,,1996
1676,The War at Home,,1996
1677,Sweet Nothing,,1995
1678,Mat' i syn,,1997
1679,B. Monkey,,1998
1680,Sliding Doors,Drama|Romance,1998
1681,You So Crazy,,1994
1682,Scream of Stone (Schrei aus Stein),,1991
